-- Adminer 4.3.1 MySQL dump

SET NAMES utf8;
SET time_zone = '+00:00';
SET foreign_key_checks = 0;
SET sql_mode = 'NO_AUTO_VALUE_ON_ZERO';

CREATE DATABASE `rv_database` /*!40100 DEFAULT CHARACTER SET latin1 */;
USE `rv_database`;

CREATE TABLE `rv_cities` (
  `id` int(11) NOT NULL AUTO_INCREMENT,
  `name` varchar(50) DEFAULT NULL,
  `state_id` int(11) NOT NULL,
  `status` varchar(15) NOT NULL DEFAULT 'unverified',
  `latitude` varchar(30) DEFAULT NULL,
  `longitude` varchar(30) DEFAULT NULL,
  `datetime_added` datetime NOT NULL DEFAULT CURRENT_TIMESTAMP,
  `last_updated` datetime NOT NULL ON UPDATE CURRENT_TIMESTAMP,
  PRIMARY KEY (`id`),
  KEY `state_id` (`state_id`),
  CONSTRAINT `rv_cities_ibfk_1` FOREIGN KEY (`state_id`) REFERENCES `rv_states` (`id`)
) ENGINE=InnoDB DEFAULT CHARSET=latin1;

INSERT INTO `rv_cities` (`id`, `name`, `state_id`, `status`, `latitude`, `longitude`, `datetime_added`, `last_updated`) VALUES
(1, 'Akron',  1,  'verified', '32.87802', '-87.743989', '2015-03-01 00:00:00',  '2015-03-01 00:00:00'),
(2, 'Huntsville', 1,  'verified', '34.729135',  '-86.584979', '2015-03-01 00:00:00',  '2015-03-01 00:00:00'),
(3, 'Addison',  1,  'verified', '34.202175',  '-87.181384', '2015-03-01 00:00:00',  '2015-03-01 00:00:00'),
(4, 'Montgomery', 1,  'verified', '32.38012', '-86.300629', '2015-03-01 00:00:00',  '2015-03-01 00:00:00'),
(5, 'Birmingham', 1,  'verified', '33.520295',  '-86.811504', '2015-03-01 00:00:00',  '2015-03-01 00:00:00'),
(6, 'Somerville', 1,  'verified', '34.471155',  '-86.799394', '2015-03-01 00:00:00',  '2015-03-01 00:00:00'),
(7, 'Albertville',  1,  'verified', '34.269515',  '-86.207944', '2015-03-01 00:00:00',  '2015-03-01 00:00:00'),
(8, 'Alexander City', 1,  'verified', '32.938845',  '-85.95295',  '2015-03-01 00:00:00',  '2015-03-01 00:00:00'),
(9, 'Alexandria', 1,  'verified', '33.76698', '-85.892347', '2015-03-01 00:00:00',  '2015-03-01 00:00:00'),
(10,  'Aliceville', 1,  'verified', '33.12943', '-88.153104', '2015-03-01 00:00:00',  '2015-03-01 00:00:00'),
(11,  'Irvington',  1,  'verified', '30.514973',  '-88.222122', '2015-03-01 00:00:00',  '2015-03-01 00:00:00'),
(12,  'Andalusia',  1,  'verified', '31.319599',  '-86.495424', '2015-03-01 00:00:00',  '2015-03-01 00:00:00'),
(13,  'Anniston', 1,  'verified', '33.65711', '-85.819449', '2015-03-01 00:00:00',  '2015-03-01 00:00:00'),
(14,  'Oneonta',  1,  'verified', '33.948315',  '-86.472939', '2015-03-01 00:00:00',  '2015-03-01 00:00:00'),
(15,  'Arab', 1,  'verified', '34.322876',  '-86.49535',  '2015-03-01 00:00:00',  '2015-03-01 00:00:00'),
(16,  'Ashford',  1,  'verified', '31.187665',  '-85.234823', '2015-03-01 00:00:00',  '2015-03-01 00:00:00'),
(17,  'Ashville', 1,  'verified', '33.83651', '-86.254749', '2015-03-01 00:00:00',  '2015-03-01 00:00:00'),
(18,  'Athens', 1,  'verified', '34.8045',  '-86.971279', '2015-03-01 00:00:00',  '2015-03-01 00:00:00'),
(19,  'Auburn', 1,  'verified', '32.607465',  '-85.481735', '2015-03-01 00:00:00',  '2015-03-01 00:00:00'),
(20,  'Prattville', 1,  'verified', '32.461855',  '-86.450749', '2015-03-01 00:00:00',  '2015-03-01 00:00:00'),
(21,  'Decatur',  1,  'verified', '34.607389',  '-86.979767', '2015-03-01 00:00:00',  '2015-03-01 00:00:00'),
(22,  'Mobile', 1,  'verified', '30.686395',  '-88.053239', '2015-03-01 00:00:00',  '2015-03-01 00:00:00'),
(23,  'Bay Minette',  1,  'verified', '30.882904',  '-87.773568', '2015-03-01 00:00:00',  '2015-03-01 00:00:00'),
(24,  'Clayton',  1,  'verified', '31.878775',  '-85.449644', '2015-03-01 00:00:00',  '2015-03-01 00:00:00'),
(25,  'Opelika',  1,  'verified', '32.6505',  '-85.380649', '2015-03-01 00:00:00',  '2015-03-01 00:00:00'),
(26,  'Berry',  1,  'verified', '33.660343',  '-87.600082', '2015-03-01 00:00:00',  '2015-03-01 00:00:00'),
(27,  'Valley', 1,  'verified', '32.843965',  '-85.180929', '2015-03-01 00:00:00',  '2015-03-01 00:00:00'),
(28,  'West Blocton', 1,  'verified', '33.115377',  '-87.118992', '2015-03-01 00:00:00',  '2015-03-01 00:00:00'),
(29,  'Centreville',  1,  'verified', '32.94488', '-87.134714', '2015-03-01 00:00:00',  '2015-03-01 00:00:00'),
(30,  'Cleveland',  1,  'verified', '33.991515',  '-86.577049', '2015-03-01 00:00:00',  '2015-03-01 00:00:00'),
(31,  'Eight Mile', 1,  'verified', '30.775282',  '-88.177529', '2015-03-01 00:00:00',  '2015-03-01 00:00:00'),
(32,  'Boaz', 1,  'verified', '34.19763', '-86.165596', '2015-03-01 00:00:00',  '2015-03-01 00:00:00'),
(33,  'Madison',  1,  'verified', '34.705885',  '-86.750953', '2015-03-01 00:00:00',  '2015-03-01 00:00:00'),
(34,  'Tuskegee', 1,  'verified', '32.424055',  '-85.689779', '2015-03-01 00:00:00',  '2015-03-01 00:00:00'),
(36,  'Brantley', 1,  'verified', '31.58243', '-86.256884', '2015-03-01 00:00:00',  '2015-03-01 00:00:00'),
(37,  'Sylacauga',  1,  'verified', '33.171565',  '-86.250254', '2015-03-01 00:00:00',  '2015-03-01 00:00:00'),
(38,  'Killen', 1,  'verified', '34.859229',  '-87.529569', '2015-03-01 00:00:00',  '2015-03-01 00:00:00'),
(39,  'Brookwood',  1,  'verified', '33.25432', '-87.326719', '2015-03-01 00:00:00',  '2015-03-01 00:00:00'),
(40,  'New Market', 1,  'verified', '34.909465',  '-86.427789', '2015-03-01 00:00:00',  '2015-03-01 00:00:00'),
(41,  'Union Springs',  1,  'verified', '32.146145',  '-85.712674', '2015-03-01 00:00:00',  '2015-03-01 00:00:00'),
(42,  'Hunstville', 1,  'verified', '32.61436', '-86.680737', '2015-03-01 00:00:00',  '2015-03-01 00:00:00'),
(43,  'Letohatchee',  1,  'verified', '32.052205',  '-86.547334', '2015-03-01 00:00:00',  '2015-03-01 00:00:00'),
(44,  'Carbon Hill',  1,  'verified', '33.88848', '-87.528889', '2015-03-01 00:00:00',  '2015-03-01 00:00:00'),
(45,  'Ozark',  1,  'verified', '31.458955',  '-85.640714', '2015-03-01 00:00:00',  '2015-03-01 00:00:00'),
(46,  'Cedar Bluff',  1,  'verified', '34.217656',  '-85.607709', '2015-03-01 00:00:00',  '2015-03-01 00:00:00'),
(47,  'Tuscaloosa', 1,  'verified', '33.210435',  '-87.566214', '2015-03-01 00:00:00',  '2015-03-01 00:00:00'),
(48,  'Rockford', 1,  'verified', '32.889938',  '-86.21917',  '2015-03-01 00:00:00',  '2015-03-01 00:00:00'),
(49,  'Phenix City',  1,  'verified', '32.46764', '-85.000823', '2015-03-01 00:00:00',  '2015-03-01 00:00:00'),
(50,  'Troy', 1,  'verified', '31.809675',  '-85.972173', '2015-03-01 00:00:00',  '2015-03-01 00:00:00'),
(51,  'Centre', 1,  'verified', '34.152189',  '-85.679685', '2015-03-01 00:00:00',  '2015-03-01 00:00:00'),
(52,  'Cherokee', 1,  'verified', '34.75548', '-87.973404', '2015-03-01 00:00:00',  '2015-03-01 00:00:00'),
(53,  'Childersburg', 1,  'verified', '33.276737',  '-86.360671', '2015-03-01 00:00:00',  '2015-03-01 00:00:00'),
(54,  'Clanton',  1,  'verified', '32.84057', '-86.631863', '2015-03-01 00:00:00',  '2015-03-01 00:00:00'),
(55,  'Butler', 1,  'verified', '32.089355',  '-88.221279', '2015-03-01 00:00:00',  '2015-03-01 00:00:00'),
(56,  'Citronelle', 1,  'verified', '31.092724',  '-88.23813',  '2015-03-01 00:00:00',  '2015-03-01 00:00:00'),
(57,  'Grove Hill', 1,  'verified', '31.70934', '-87.776644', '2015-03-01 00:00:00',  '2015-03-01 00:00:00'),
(58,  'CPinson',  1,  'verified', '32.61436', '-86.680737', '2015-03-01 00:00:00',  '2015-03-01 00:00:00'),
(59,  'Ashland',  1,  'verified', '33.27431', '-85.835464', '2015-03-01 00:00:00',  '2015-03-01 00:00:00'),
(60,  'Coffeeville',  1,  'verified', '31.75696', '-88.091134', '2015-03-01 00:00:00',  '2015-03-01 00:00:00'),
(61,  'Leighton', 1,  'verified', '34.697807',  '-87.528989', '2015-03-01 00:00:00',  '2015-03-01 00:00:00'),
(62,  'Tuscumbia',  1,  'verified', '34.731285',  '-87.702839', '2015-03-01 00:00:00',  '2015-03-01 00:00:00'),
(63,  'Bremen', 1,  'verified', '33.969667',  '-86.990867', '2015-03-01 00:00:00',  '2015-03-01 00:00:00'),
(65,  'Courtland',  1,  'verified', '34.669075',  '-87.308469', '2015-03-01 00:00:00',  '2015-03-01 00:00:00'),
(66,  'Cullman',  1,  'verified', '34.174375',  '-86.843454', '2015-03-01 00:00:00',  '2015-03-01 00:00:00'),
(67,  'Jasper', 1,  'verified', '33.831278',  '-87.281374', '2015-03-01 00:00:00',  '2015-03-01 00:00:00'),
(68,  'Dadeville',  1,  'verified', '32.82885', '-85.764549', '2015-03-01 00:00:00',  '2015-03-01 00:00:00'),
(69,  'Daleville',  1,  'verified', '31.30706', '-85.713914', '2015-03-01 00:00:00',  '2015-03-01 00:00:00'),
(70,  'Plantersville',  1,  'verified', '32.659615',  '-86.923664', '2015-03-01 00:00:00',  '2015-03-01 00:00:00'),
(71,  'Danville', 1,  'verified', '34.414765',  '-87.086909', '2015-03-01 00:00:00',  '2015-03-01 00:00:00'),
(72,  'Daphne', 1,  'verified', '30.603905',  '-87.901509', '2015-03-01 00:00:00',  '2015-03-01 00:00:00'),
(73,  'Verbena',  1,  'verified', '32.753645',  '-86.510739', '2015-03-01 00:00:00',  '2015-03-01 00:00:00'),
(74,  'Rainsville', 1,  'verified', '34.495284',  '-85.846467', '2015-03-01 00:00:00',  '2015-03-01 00:00:00'),
(75,  'Demopolis',  1,  'verified', '32.504764',  '-87.837854', '2015-03-01 00:00:00',  '2015-03-01 00:00:00'),
(76,  'Drdora', 1,  'verified', '32.61436', '-86.680737', '2015-03-01 00:00:00',  '2015-03-01 00:00:00'),
(77,  'Dothan', 1,  'verified', '31.22324', '-85.393329', '2015-03-01 00:00:00',  '2015-03-01 00:00:00'),
(79,  'Elba', 1,  'verified', '31.41459', '-86.067359', '2015-03-01 00:00:00',  '2015-03-01 00:00:00'),
(80,  'Gadsden',  1,  'verified', '34.014772',  '-86.007172', '2015-03-01 00:00:00',  '2015-03-01 00:00:00'),
(81,  'Eclectic', 1,  'verified', '32.63599', '-86.03463',  '2015-03-01 00:00:00',  '2015-03-01 00:00:00'),
(82,  'Enterprise', 1,  'verified', '31.315215',  '-85.854674', '2015-03-01 00:00:00',  '2015-03-01 00:00:00'),
(83,  'Attalla',  1,  'verified', '34.021445',  '-86.088919', '2015-03-01 00:00:00',  '2015-03-01 00:00:00'),
(84,  'Fairfield',  1,  'verified', '33.490612',  '-86.915661', '2015-03-01 00:00:00',  '2015-03-01 00:00:00'),
(85,  'Fairhope', 1,  'verified', '30.536354',  '-87.886199', '2015-03-01 00:00:00',  '2015-03-01 00:00:00'),
(86,  'Falkville',  1,  'verified', '34.36883', '-86.907229', '2015-03-01 00:00:00',  '2015-03-01 00:00:00'),
(87,  'Prichard', 1,  'verified', '30.73797', '-88.081264', '2015-03-01 00:00:00',  '2015-03-01 00:00:00'),
(88,  'Fayette',  1,  'verified', '33.685115',  '-87.828978', '2015-03-01 00:00:00',  '2015-03-01 00:00:00'),
(89,  'Florala',  1,  'verified', '31.018975',  '-86.326644', '2015-03-01 00:00:00',  '2015-03-01 00:00:00'),
(90,  'Foley',  1,  'verified', '30.40585', '-87.683799', '2015-03-01 00:00:00',  '2015-03-01 00:00:00'),
(91,  'Greenville', 1,  'verified', '31.829446',  '-86.633489', '2015-03-01 00:00:00',  '2015-03-01 00:00:00'),
(92,  'Fort Payne', 1,  'verified', '34.441318',  '-85.714378', '2015-03-01 00:00:00',  '2015-03-01 00:00:00'),
(93,  'Russellville', 1,  'verified', '34.50743', '-87.728409', '2015-03-01 00:00:00',  '2015-03-01 00:00:00'),
(94,  'Frisco City',  1,  'verified', '31.434259',  '-87.399483', '2015-03-01 00:00:00',  '2015-03-01 00:00:00'),
(95,  'Gardendale', 1,  'verified', '33.65116', '-86.811394', '2015-03-01 00:00:00',  '2015-03-01 00:00:00'),
(96,  'Gaylesville',  1,  'verified', '34.266092',  '-85.560267', '2015-03-01 00:00:00',  '2015-03-01 00:00:00'),
(97,  'Hartford', 1,  'verified', '31.10225', '-85.696049', '2015-03-01 00:00:00',  '2015-03-01 00:00:00'),
(98,  'Geneva', 1,  'verified', '31.042149',  '-85.867019', '2015-03-01 00:00:00',  '2015-03-01 00:00:00'),
(99,  'Skipperville', 1,  'verified', '31.564931',  '-85.531672', '2015-03-01 00:00:00',  '2015-03-01 00:00:00'),
(100, 'Glencoe',  1,  'verified', '33.959705',  '-85.934459', '2015-03-01 00:00:00',  '2015-03-01 00:00:00'),
(101, 'Gordo',  1,  'verified', '33.318781',  '-87.907645', '2015-03-01 00:00:00',  '2015-03-01 00:00:00'),
(102, 'Eutaw',  1,  'verified', '32.84059', '-87.887844', '2015-03-01 00:00:00',  '2015-03-01 00:00:00'),
(103, 'Gulf Shores',  1,  'verified', '30.27732', '-87.683094', '2015-03-01 00:00:00',  '2015-03-01 00:00:00'),
(104, 'Guntersville', 1,  'verified', '34.35113', '-86.299159', '2015-03-01 00:00:00',  '2015-03-01 00:00:00'),
(105, 'Moundville', 1,  'verified', '32.99865', '-87.622279', '2015-03-01 00:00:00',  '2015-03-01 00:00:00'),
(106, 'Haleyville', 1,  'verified', '34.227425',  '-87.621439', '2015-03-01 00:00:00',  '2015-03-01 00:00:00'),
(107, 'Hanceville', 1,  'verified', '34.06171', '-86.769509', '2015-03-01 00:00:00',  '2015-03-01 00:00:00'),
(108, 'Roanoke',  1,  'verified', '33.15229', '-85.375299', '2015-03-01 00:00:00',  '2015-03-01 00:00:00'),
(109, 'Hartselle',  1,  'verified', '34.444765',  '-86.93525',  '2015-03-01 00:00:00',  '2015-03-01 00:00:00'),
(110, 'Town Creek', 1,  'verified', '34.68126', '-87.407489', '2015-03-01 00:00:00',  '2015-03-01 00:00:00'),
(111, 'Hayden', 1,  'verified', '33.892695',  '-86.751867', '2015-03-01 00:00:00',  '2015-03-01 00:00:00'),
(112, 'Hazel Green',  1,  'verified', '34.928785',  '-86.571848', '2015-03-01 00:00:00',  '2015-03-01 00:00:00'),
(113, 'Headland', 1,  'verified', '31.351472',  '-85.342423', '2015-03-01 00:00:00',  '2015-03-01 00:00:00'),
(114, 'Trussville', 1,  'verified', '33.621385',  '-86.602739', '2015-03-01 00:00:00',  '2015-03-01 00:00:00'),
(115, 'Hokes Bluff',  1,  'verified', '33.98723', '-85.883749', '2015-03-01 00:00:00',  '2015-03-01 00:00:00'),
(116, 'Holly Pond', 1,  'verified', '34.174315',  '-86.617874', '2015-03-01 00:00:00',  '2015-03-01 00:00:00'),
(117, 'Deatsville', 1,  'verified', '32.609419',  '-86.398016', '2015-03-01 00:00:00',  '2015-03-01 00:00:00'),
(118, 'Homewood', 1,  'verified', '33.478774',  '-86.78967',  '2015-03-01 00:00:00',  '2015-03-01 00:00:00'),
(119, 'Columbia', 1,  'verified', '31.292765',  '-85.111004', '2015-03-01 00:00:00',  '2015-03-01 00:00:00'),
(120, 'Hueytown', 1,  'verified', '33.442804',  '-86.994609', '2015-03-01 00:00:00',  '2015-03-01 00:00:00'),
(121, 'Blountsville', 1,  'verified', '34.086615',  '-86.589489', '2015-03-01 00:00:00',  '2015-03-01 00:00:00'),
(122, 'Beatrice', 1,  'verified', '31.73187', '-87.208574', '2015-03-01 00:00:00',  '2015-03-01 00:00:00'),
(123, 'Jackson',  1,  'verified', '31.508341',  '-87.89501',  '2015-03-01 00:00:00',  '2015-03-01 00:00:00'),
(124, 'Jacksonville', 1,  'verified', '33.814222',  '-85.761183', '2015-03-01 00:00:00',  '2015-03-01 00:00:00'),
(125, 'Irondale', 1,  'verified', '33.53794', '-86.706719', '2015-03-01 00:00:00',  '2015-03-01 00:00:00'),
(126, 'Jemison',  1,  'verified', '32.960356',  '-86.744099', '2015-03-01 00:00:00',  '2015-03-01 00:00:00'),
(127, 'Bessemer', 1,  'verified', '33.40203', '-86.953994', '2015-03-01 00:00:00',  '2015-03-01 00:00:00'),
(128, 'Selma',  1,  'verified', '32.41179', '-87.022234', '2015-03-01 00:00:00',  '2015-03-01 00:00:00'),
(129, 'Grant',  1,  'verified', '34.526192',  '-86.2528', '2015-03-01 00:00:00',  '2015-03-01 00:00:00'),
(130, 'Orrville', 1,  'verified', '32.306622',  '-87.246934', '2015-03-01 00:00:00',  '2015-03-01 00:00:00'),
(131, 'Carrollton', 1,  'verified', '33.262005',  '-88.094464', '2015-03-01 00:00:00',  '2015-03-01 00:00:00'),
(132, 'Lafayette',  1,  'verified', '32.89942', '-85.401234', '2015-03-01 00:00:00',  '2015-03-01 00:00:00'),
(133, 'Vernon', 1,  'verified', '33.758547',  '-88.108905', '2015-03-01 00:00:00',  '2015-03-01 00:00:00'),
(134, 'Lanett', 1,  'verified', '32.871337',  '-85.186115', '2015-03-01 00:00:00',  '2015-03-01 00:00:00'),
(135, 'Moulton',  1,  'verified', '34.481115',  '-87.292409', '2015-03-01 00:00:00',  '2015-03-01 00:00:00'),
(136, 'Leeds',  1,  'verified', '33.54247', '-86.540814', '2015-03-01 00:00:00',  '2015-03-01 00:00:00'),
(137, 'Lincoln',  1,  'verified', '33.603865',  '-86.119529', '2015-03-01 00:00:00',  '2015-03-01 00:00:00'),
(138, 'Linden', 1,  'verified', '32.306695',  '-87.797969', '2015-03-01 00:00:00',  '2015-03-01 00:00:00'),
(139, 'Lineville',  1,  'verified', '33.310616',  '-85.753501', '2015-03-01 00:00:00',  '2015-03-01 00:00:00'),
(140, 'Livingston', 1,  'verified', '32.583785',  '-88.186874', '2015-03-01 00:00:00',  '2015-03-01 00:00:00'),
(141, 'Loachapoka', 1,  'verified', '32.604344',  '-85.599579', '2015-03-01 00:00:00',  '2015-03-01 00:00:00'),
(142, 'Locust Fork',  1,  'verified', '33.908435',  '-86.616014', '2015-03-01 00:00:00',  '2015-03-01 00:00:00'),
(143, 'Hayneville', 1,  'verified', '32.18403', '-86.580384', '2015-03-01 00:00:00',  '2015-03-01 00:00:00'),
(144, 'Lynn', 1,  'verified', '34.04676', '-87.549774', '2015-03-01 00:00:00',  '2015-03-01 00:00:00'),
(145, 'Gurley', 1,  'verified', '34.696074',  '-86.37629',  '2015-03-01 00:00:00',  '2015-03-01 00:00:00'),
(146, 'Marbury',  1,  'verified', '32.700589',  '-86.46573',  '2015-03-01 00:00:00',  '2015-03-01 00:00:00'),
(147, 'Guin', 1,  'verified', '33.965649',  '-87.914119', '2015-03-01 00:00:00',  '2015-03-01 00:00:00'),
(148, 'Marion', 1,  'verified', '32.634632',  '-87.319133', '2015-03-01 00:00:00',  '2015-03-01 00:00:00'),
(149, 'Semmes', 1,  'verified', '30.778855',  '-88.258839', '2015-03-01 00:00:00',  '2015-03-01 00:00:00'),
(150, 'Arley',  1,  'verified', '34.078806',  '-87.212411', '2015-03-01 00:00:00',  '2015-03-01 00:00:00'),
(151, 'Midfield', 1,  'verified', '33.466785',  '-86.907899', '2015-03-01 00:00:00',  '2015-03-01 00:00:00'),
(152, 'Adamsville', 1,  'verified', '33.600555',  '-86.953719', '2015-03-01 00:00:00',  '2015-03-01 00:00:00'),
(153, 'Monroeville',  1,  'verified', '31.527316',  '-87.323871', '2015-03-01 00:00:00',  '2015-03-01 00:00:00'),
(154, 'Montevallo', 1,  'verified', '33.100615',  '-86.862594', '2015-03-01 00:00:00',  '2015-03-01 00:00:00'),
(155, 'Ramer',  1,  'verified', '32.05044', '-86.221063', '2015-03-01 00:00:00',  '2015-03-01 00:00:00'),
(156, 'Moody',  1,  'verified', '33.591532',  '-86.494821', '2015-03-01 00:00:00',  '2015-03-01 00:00:00'),
(157, 'Morris', 1,  'verified', '33.74721', '-86.808859', '2015-03-01 00:00:00',  '2015-03-01 00:00:00'),
(158, 'Mountain Brook', 1,  'verified', '33.502115',  '-86.755509', '2015-03-01 00:00:00',  '2015-03-01 00:00:00'),
(159, 'Munford',  1,  'verified', '33.526665',  '-85.953529', '2015-03-01 00:00:00',  '2015-03-01 00:00:00'),
(160, 'Muscle Shoals',  1,  'verified', '34.742435',  '-87.667709', '2015-03-01 00:00:00',  '2015-03-01 00:00:00'),
(161, 'New Brockton', 1,  'verified', '31.385655',  '-85.929139', '2015-03-01 00:00:00',  '2015-03-01 00:00:00'),
(162, 'New Hope', 1,  'verified', '34.538731',  '-86.395218', '2015-03-01 00:00:00',  '2015-03-01 00:00:00'),
(163, 'Stevenson',  1,  'verified', '34.86819', '-85.838009', '2015-03-01 00:00:00',  '2015-03-01 00:00:00'),
(164, 'Northport',  1,  'verified', '33.24024', '-87.591524', '2015-03-01 00:00:00',  '2015-03-01 00:00:00'),
(165, 'Oakman', 1,  'verified', '33.71368', '-87.388989', '2015-03-01 00:00:00',  '2015-03-01 00:00:00'),
(166, 'Ohatchee', 1,  'verified', '33.7843',  '-86.018423', '2015-03-01 00:00:00',  '2015-03-01 00:00:00'),
(167, 'Ensley', 1,  'verified', '33.50951', '-86.887306', '2015-03-01 00:00:00',  '2015-03-01 00:00:00'),
(168, 'Opp',  1,  'verified', '31.286795',  '-86.255609', '2015-03-01 00:00:00',  '2015-03-01 00:00:00'),
(169, 'Oxford', 1,  'verified', '33.613075',  '-85.835699', '2015-03-01 00:00:00',  '2015-03-01 00:00:00'),
(170, 'Parrish',  1,  'verified', '33.726648',  '-87.287858', '2015-03-01 00:00:00',  '2015-03-01 00:00:00'),
(171, 'Cottondale', 1,  'verified', '33.190167',  '-87.444084', '2015-03-01 00:00:00',  '2015-03-01 00:00:00'),
(172, 'Pelham', 1,  'verified', '33.284688',  '-86.810223', '2015-03-01 00:00:00',  '2015-03-01 00:00:00'),
(173, 'Pell City',  1,  'verified', '33.586085',  '-86.286414', '2015-03-01 00:00:00',  '2015-03-01 00:00:00'),
(174, 'Bear Creek', 1,  'verified', '34.274535',  '-87.700604', '2015-03-01 00:00:00',  '2015-03-01 00:00:00'),
(175, 'Reform', 1,  'verified', '33.37822', '-88.013489', '2015-03-01 00:00:00',  '2015-03-01 00:00:00'),
(176, 'Piedmont', 1,  'verified', '33.922', '-85.613519', '2015-03-01 00:00:00',  '2015-03-01 00:00:00'),
(177, 'Brundidge',  1,  'verified', '31.7202',  '-85.816771', '2015-03-01 00:00:00',  '2015-03-01 00:00:00'),
(178, 'Pinson', 1,  'verified', '33.69121', '-86.682354', '2015-03-01 00:00:00',  '2015-03-01 00:00:00'),
(179, 'Alpine', 1,  'verified', '33.349525',  '-86.236109', '2015-03-01 00:00:00',  '2015-03-01 00:00:00'),
(180, 'Pleasant Grove', 1,  'verified', '33.49086', '-86.970711', '2015-03-01 00:00:00',  '2015-03-01 00:00:00'),
(181, 'Ranburne', 1,  'verified', '33.522327',  '-85.344802', '2015-03-01 00:00:00',  '2015-03-01 00:00:00'),
(182, 'Wedowee',  1,  'verified', '33.309219',  '-85.485499', '2015-03-01 00:00:00',  '2015-03-01 00:00:00'),
(183, 'Uniontown',  1,  'verified', '32.44948', '-87.513464', '2015-03-01 00:00:00',  '2015-03-01 00:00:00'),
(184, 'Robertsdale',  1,  'verified', '30.553841',  '-87.710177', '2015-03-01 00:00:00',  '2015-03-01 00:00:00'),
(185, 'Seale',  1,  'verified', '32.314858',  '-85.177094', '2015-03-01 00:00:00',  '2015-03-01 00:00:00'),
(186, 'Samson', 1,  'verified', '31.11297', '-86.045294', '2015-03-01 00:00:00',  '2015-03-01 00:00:00'),
(187, 'Sand Rock',  1,  'verified', '34.242369',  '-85.758621', '2015-03-01 00:00:00',  '2015-03-01 00:00:00'),
(188, 'Satsuma',  1,  'verified', '30.85241', '-88.057139', '2015-03-01 00:00:00',  '2015-03-01 00:00:00'),
(189, 'Columbiana', 1,  'verified', '33.1779',  '-86.607124', '2015-03-01 00:00:00',  '2015-03-01 00:00:00'),
(190, 'Scottsboro', 1,  'verified', '34.681391',  '-86.079315', '2015-03-01 00:00:00',  '2015-03-01 00:00:00'),
(191, 'Sheffield',  1,  'verified', '34.759615',  '-87.687024', '2015-03-01 00:00:00',  '2015-03-01 00:00:00'),
(192, 'Alabaster',  1,  'verified', '33.245086',  '-86.816224', '2015-03-01 00:00:00',  '2015-03-01 00:00:00'),
(193, 'Slocomb',  1,  'verified', '31.10762', '-85.592984', '2015-03-01 00:00:00',  '2015-03-01 00:00:00'),
(194, 'Smiths Station', 1,  'verified', '32.54086', '-85.089629', '2015-03-01 00:00:00',  '2015-03-01 00:00:00'),
(195, 'Silas',  1,  'verified', '31.770325',  '-88.329034', '2015-03-01 00:00:00',  '2015-03-01 00:00:00'),
(196, 'Southside',  1,  'verified', '33.92642', '-86.023034', '2015-03-01 00:00:00',  '2015-03-01 00:00:00'),
(197, 'Spanish Fort', 1,  'verified', '30.675129',  '-87.873192', '2015-03-01 00:00:00',  '2015-03-01 00:00:00'),
(198, 'Harvest',  1,  'verified', '34.859675',  '-86.749274', '2015-03-01 00:00:00',  '2015-03-01 00:00:00'),
(199, 'Spring Garden',  1,  'verified', '33.972889',  '-85.553307', '2015-03-01 00:00:00',  '2015-03-01 00:00:00'),
(200, 'Springville',  1,  'verified', '33.7724',  '-86.474789', '2015-03-01 00:00:00',  '2015-03-01 00:00:00'),
(201, 'Odenville',  1,  'verified', '33.68546', '-86.394599', '2015-03-01 00:00:00',  '2015-03-01 00:00:00'),
(202, 'Millbrook',  1,  'verified', '32.480091',  '-86.36216',  '2015-03-01 00:00:00',  '2015-03-01 00:00:00'),
(203, 'York', 1,  'verified', '32.488366',  '-88.29884',  '2015-03-01 00:00:00',  '2015-03-01 00:00:00'),
(204, 'Talladega',  1,  'verified', '33.43451', '-86.102689', '2015-03-01 00:00:00',  '2015-03-01 00:00:00'),
(205, 'Tallassee',  1,  'verified', '32.536025',  '-85.893842', '2015-03-01 00:00:00',  '2015-03-01 00:00:00'),
(206, 'Tarrant',  1,  'verified', '33.584588',  '-86.77267',  '2015-03-01 00:00:00',  '2015-03-01 00:00:00'),
(207, 'Hillsboro',  1,  'verified', '34.639389',  '-87.191071', '2015-03-01 00:00:00',  '2015-03-01 00:00:00'),
(208, 'Theodore', 1,  'verified', '30.55433', '-88.178889', '2015-03-01 00:00:00',  '2015-03-01 00:00:00'),
(209, 'Thomasville',  1,  'verified', '31.913639',  '-87.741081', '2015-03-01 00:00:00',  '2015-03-01 00:00:00'),
(210, 'Brewton',  1,  'verified', '31.104013',  '-87.072062', '2015-03-01 00:00:00',  '2015-03-01 00:00:00'),
(211, 'Vinemont', 1,  'verified', '34.247403',  '-86.869544', '2015-03-01 00:00:00',  '2015-03-01 00:00:00'),
(212, 'East Brewton', 1,  'verified', '31.087725',  '-87.06018',  '2015-03-01 00:00:00',  '2015-03-01 00:00:00'),
(213, 'Weaver', 1,  'verified', '33.750931',  '-85.812637', '2015-03-01 00:00:00',  '2015-03-01 00:00:00'),
(214, 'Walnut Grove', 1,  'verified', '34.067532',  '-86.303993', '2015-03-01 00:00:00',  '2015-03-01 00:00:00'),
(215, 'Trinity',  1,  'verified', '34.60617', '-87.087974', '2015-03-01 00:00:00',  '2015-03-01 00:00:00'),
(216, 'Camden', 1,  'verified', '31.993001',  '-87.290489', '2015-03-01 00:00:00',  '2015-03-01 00:00:00'),
(217, 'Winfield', 1,  'verified', '33.928581',  '-87.816557', '2015-03-01 00:00:00',  '2015-03-01 00:00:00'),
(218, 'Double Springs', 1,  'verified', '34.150316',  '-87.398592', '2015-03-01 00:00:00',  '2015-03-01 00:00:00'),
(219, 'Adak', 2,  'verified', '51.88001', '-176.657569',  '2015-03-01 00:00:00',  '2015-03-01 00:00:00'),
(220, 'Akhiok', 2,  'verified', '56.945599',  '-154.169998',  '2015-03-01 00:00:00',  '2015-03-01 00:00:00'),
(221, 'Akiak',  2,  'verified', '60.909659',  '-161.223451',  '2015-03-01 00:00:00',  '2015-03-01 00:00:00'),
(222, 'Kasigluk', 2,  'verified', '60.895273',  '-162.517124',  '2015-03-01 00:00:00',  '2015-03-01 00:00:00'),
(223, 'Akutan', 2,  'verified', '54.134725',  '-165.770554',  '2015-03-01 00:00:00',  '2015-03-01 00:00:00'),
(224, 'Wainwright', 2,  'verified', '70.6439',  '-160.023794',  '2015-03-01 00:00:00',  '2015-03-01 00:00:00'),
(225, 'Alakanuk', 2,  'verified', '62.687155',  '-164.665094',  '2015-03-01 00:00:00',  '2015-03-01 00:00:00'),
(226, 'Tok',  2,  'verified', '63.33567', '-142.983804',  '2015-03-01 00:00:00',  '2015-03-01 00:00:00'),
(227, 'Sand Point', 2,  'verified', '55.337009',  '-160.491806',  '2015-03-01 00:00:00',  '2015-03-01 00:00:00'),
(228, 'Allakaket',  2,  'verified', '66.564032',  '-152.652498',  '2015-03-01 00:00:00',  '2015-03-01 00:00:00'),
(229, 'Anchorage',  2,  'verified', '61.21755', '-149.858384',  '2015-03-01 00:00:00',  '2015-03-01 00:00:00'),
(230, 'Ambler', 2,  'verified', '67.08621', '-157.857009',  '2015-03-01 00:00:00',  '2015-03-01 00:00:00'),
(231, 'Anderson', 2,  'verified', '64.343582',  '-149.178329',  '2015-03-01 00:00:00',  '2015-03-01 00:00:00'),
(232, 'St. Mary\'s',  2,  'verified', '62.050328',  '-163.178908',  '2015-03-01 00:00:00',  '2015-03-01 00:00:00'),
(233, 'Nulato', 2,  'verified', '64.73324', '-158.114749',  '2015-03-01 00:00:00',  '2015-03-01 00:00:00'),
(234, 'Angoon', 2,  'verified', '57.502146',  '-134.582302',  '2015-03-01 00:00:00',  '2015-03-01 00:00:00'),
(235, 'Aniak',  2,  'verified', '61.581385',  '-159.568004',  '2015-03-01 00:00:00',  '2015-03-01 00:00:00'),
(236, 'Elim', 2,  'verified', '64.61583', '-162.256079',  '2015-03-01 00:00:00',  '2015-03-01 00:00:00'),
(237, 'Nunapitchuk',  2,  'verified', '60.897058',  '-162.452686',  '2015-03-01 00:00:00',  '2015-03-01 00:00:00'),
(238, 'St. Michael',  2,  'verified', '63.473476',  '-162.052059',  '2015-03-01 00:00:00',  '2015-03-01 00:00:00'),
(239, 'Gambell',  2,  'verified', '63.77678', '-171.726134',  '2015-03-01 00:00:00',  '2015-03-01 00:00:00'),
(240, 'Noorvik',  2,  'verified', '66.836845',  '-161.040919',  '2015-03-01 00:00:00',  '2015-03-01 00:00:00'),
(241, 'Platinum', 2,  'verified', '58.921607',  '-161.727467',  '2015-03-01 00:00:00',  '2015-03-01 00:00:00'),
(242, 'Newtok', 2,  'verified', '60.941349',  '-164.630508',  '2015-03-01 00:00:00',  '2015-03-01 00:00:00'),
(243, 'Beaver', 2,  'verified', '66.359025',  '-147.395789',  '2015-03-01 00:00:00',  '2015-03-01 00:00:00'),
(244, 'Eielson AFB',  2,  'verified', '64.690529',  '-147.101761',  '2015-03-01 00:00:00',  '2015-03-01 00:00:00'),
(245, 'Palmer', 2,  'verified', '61.59944', '-149.117374',  '2015-03-01 00:00:00',  '2015-03-01 00:00:00'),
(246, 'Bethel', 2,  'verified', '60.794292',  '-161.760877',  '2015-03-01 00:00:00',  '2015-03-01 00:00:00'),
(247, 'Brevig Mission', 2,  'verified', '65.33196', '-166.485334',  '2015-03-01 00:00:00',  '2015-03-01 00:00:00'),
(248, 'Naknek', 2,  'verified', '58.728511',  '-157.013566',  '2015-03-01 00:00:00',  '2015-03-01 00:00:00'),
(249, 'Buckland', 2,  'verified', '65.978555',  '-161.123684',  '2015-03-01 00:00:00',  '2015-03-01 00:00:00'),
(250, 'Cantwell', 2,  'verified', '63.392292',  '-148.949527',  '2015-03-01 00:00:00',  '2015-03-01 00:00:00'),
(251, 'Chefornak',  2,  'verified', '60.15778', '-164.274859',  '2015-03-01 00:00:00',  '2015-03-01 00:00:00'),
(252, 'Chenega Bay',  2,  'verified', '60.549709',  '-145.75032', '2015-03-01 00:00:00',  '2015-03-01 00:00:00'),
(253, 'Chevak', 2,  'verified', '61.52801', '-165.580607',  '2015-03-01 00:00:00',  '2015-03-01 00:00:00'),
(254, 'New Stuyahok', 2,  'verified', '59.451285',  '-157.316939',  '2015-03-01 00:00:00',  '2015-03-01 00:00:00'),
(255, 'Kipnuk', 2,  'verified', '59.937082',  '-164.041398',  '2015-03-01 00:00:00',  '2015-03-01 00:00:00'),
(256, 'Chignik Bay',  2,  'verified', '56.298599',  '-158.417725',  '2015-03-01 00:00:00',  '2015-03-01 00:00:00'),
(257, 'Chignik Lagoon', 2,  'verified', '56.304878',  '-158.49678', '2015-03-01 00:00:00',  '2015-03-01 00:00:00'),
(258, 'Chignik Lake', 2,  'verified', '56.255014',  '-158.76191', '2015-03-01 00:00:00',  '2015-03-01 00:00:00'),
(259, 'Cold Bay', 2,  'verified', '55.20812', '-162.711204',  '2015-03-01 00:00:00',  '2015-03-01 00:00:00'),
(260, 'Cordova',  2,  'verified', '60.5414',  '-145.749369',  '2015-03-01 00:00:00',  '2015-03-01 00:00:00'),
(261, 'Craig',  2,  'verified', '55.475025',  '-133.150569',  '2015-03-01 00:00:00',  '2015-03-01 00:00:00'),
(262, 'Chuathbaluk',  2,  'verified', '61.57686', '-159.244259',  '2015-03-01 00:00:00',  '2015-03-01 00:00:00'),
(263, 'Grayling', 2,  'verified', '62.905315',  '-160.066519',  '2015-03-01 00:00:00',  '2015-03-01 00:00:00'),
(264, 'Selawik',  2,  'verified', '66.6001',  '-160.010968',  '2015-03-01 00:00:00',  '2015-03-01 00:00:00'),
(265, 'Deering',  2,  'verified', '66.076119',  '-162.720036',  '2015-03-01 00:00:00',  '2015-03-01 00:00:00'),
(266, 'Delta Junction', 2,  'verified', '64.04661', '-145.735934',  '2015-03-01 00:00:00',  '2015-03-01 00:00:00'),
(267, 'Pedro Bay',  2,  'verified', '59.78677', '-154.10527', '2015-03-01 00:00:00',  '2015-03-01 00:00:00'),
(268, 'Kongiganak', 2,  'verified', '59.953899',  '-162.895004',  '2015-03-01 00:00:00',  '2015-03-01 00:00:00'),
(269, 'Dillingham', 2,  'verified', '59.039794',  '-158.46239', '2015-03-01 00:00:00',  '2015-03-01 00:00:00'),
(270, 'Diomede',  2,  'verified', '65.757004',  '-168.949997',  '2015-03-01 00:00:00',  '2015-03-01 00:00:00'),
(271, 'Dot Lake', 2,  'verified', '63.661179',  '-144.063736',  '2015-03-01 00:00:00',  '2015-03-01 00:00:00'),
(272, 'Eagle',  2,  'verified', '64.78768', '-141.202609',  '2015-03-01 00:00:00',  '2015-03-01 00:00:00'),
(273, 'Egegik', 2,  'verified', '58.21782', '-157.355146',  '2015-03-01 00:00:00',  '2015-03-01 00:00:00'),
(274, 'Emmonak',  2,  'verified', '62.776515',  '-164.549347',  '2015-03-01 00:00:00',  '2015-03-01 00:00:00'),
(275, 'Fairbanks',  2,  'verified', '64.845085',  '-147.722059',  '2015-03-01 00:00:00',  '2015-03-01 00:00:00'),
(276, 'False Pass', 2,  'verified', '54.85148', '-163.412834',  '2015-03-01 00:00:00',  '2015-03-01 00:00:00'),
(277, 'Central',  2,  'verified', '65.572085',  '-144.803544',  '2015-03-01 00:00:00',  '2015-03-01 00:00:00'),
(278, 'Fort Yukon', 2,  'verified', '66.563708',  '-145.241035',  '2015-03-01 00:00:00',  '2015-03-01 00:00:00'),
(279, 'Unalakleet', 2,  'verified', '63.878474',  '-160.793061',  '2015-03-01 00:00:00',  '2015-03-01 00:00:00'),
(280, 'Galena', 2,  'verified', '64.734244',  '-156.933161',  '2015-03-01 00:00:00',  '2015-03-01 00:00:00'),
(281, 'Upper Kalskag',  2,  'verified', '61.538151',  '-160.314026',  '2015-03-01 00:00:00',  '2015-03-01 00:00:00'),
(282, 'Red Devil',  2,  'verified', '61.76454', '-157.312474',  '2015-03-01 00:00:00',  '2015-03-01 00:00:00'),
(283, 'Valdez', 2,  'verified', '61.130385',  '-146.354104',  '2015-03-01 00:00:00',  '2015-03-01 00:00:00'),
(284, 'Manley Hot Springs', 2,  'verified', '64.981163',  '-150.637314',  '2015-03-01 00:00:00',  '2015-03-01 00:00:00'),
(285, 'Glennallen', 2,  'verified', '62.107945',  '-145.533184',  '2015-03-01 00:00:00',  '2015-03-01 00:00:00'),
(286, 'Gustavus', 2,  'verified', '58.41264', '-135.732999',  '2015-03-01 00:00:00',  '2015-03-01 00:00:00'),
(287, 'Haines', 2,  'verified', '59.23483', '-135.443049',  '2015-03-01 00:00:00',  '2015-03-01 00:00:00'),
(288, 'Kaktovik', 2,  'verified', '70.133625',  '-143.612524',  '2015-03-01 00:00:00',  '2015-03-01 00:00:00'),
(289, 'Savoonga', 2,  'verified', '63.695092',  '-170.465275',  '2015-03-01 00:00:00',  '2015-03-01 00:00:00'),
(290, 'Hollis', 2,  'verified', '55.56493', '-132.623978',  '2015-03-01 00:00:00',  '2015-03-01 00:00:00'),
(291, 'Homer',  2,  'verified', '59.64656', '-151.544229',  '2015-03-01 00:00:00',  '2015-03-01 00:00:00'),
(292, 'Hoonah', 2,  'verified', '58.108114',  '-135.437693',  '2015-03-01 00:00:00',  '2015-03-01 00:00:00'),
(293, 'Hooper Bay', 2,  'verified', '61.531703',  '-166.098101',  '2015-03-01 00:00:00',  '2015-03-01 00:00:00'),
(294, 'Hope', 2,  'verified', '60.919398',  '-149.640777',  '2015-03-01 00:00:00',  '2015-03-01 00:00:00'),
(295, 'Big Lake', 2,  'verified', '61.512728',  '-149.954444',  '2015-03-01 00:00:00',  '2015-03-01 00:00:00'),
(296, 'Coffman Cove', 2,  'verified', '56.013978',  '-132.826293',  '2015-03-01 00:00:00',  '2015-03-01 00:00:00'),
(297, 'Hydaburg', 2,  'verified', '55.20497', '-132.822029',  '2015-03-01 00:00:00',  '2015-03-01 00:00:00'),
(298, 'Hyder',  2,  'verified', '55.914705',  '-130.028044',  '2015-03-01 00:00:00',  '2015-03-01 00:00:00'),
(299, 'Yakutat',  2,  'verified', '59.550789',  '-139.730898',  '2015-03-01 00:00:00',  '2015-03-01 00:00:00'),
(300, 'Mountain Village', 2,  'verified', '62.08944', '-163.725614',  '2015-03-01 00:00:00',  '2015-03-01 00:00:00'),
(301, 'Ivanof Bay', 2,  'verified', '55.902401',  '-159.48288', '2015-03-01 00:00:00',  '2015-03-01 00:00:00'),
(302, 'Sleetmute',  2,  'verified', '61.70222', '-157.169179',  '2015-03-01 00:00:00',  '2015-03-01 00:00:00'),
(303, 'Teller', 2,  'verified', '65.26418', '-166.363319',  '2015-03-01 00:00:00',  '2015-03-01 00:00:00'),
(304, 'Huslia', 2,  'verified', '65.70237', '-156.387192',  '2015-03-01 00:00:00',  '2015-03-01 00:00:00'),
(305, 'Atmautluak', 2,  'verified', '60.862968',  '-162.275955',  '2015-03-01 00:00:00',  '2015-03-01 00:00:00'),
(306, 'Venetie',  2,  'verified', '67.00905', '-146.405966',  '2015-03-01 00:00:00',  '2015-03-01 00:00:00'),
(307, 'Crooked Creek',  2,  'verified', '61.870369',  '-158.108306',  '2015-03-01 00:00:00',  '2015-03-01 00:00:00'),
(308, 'Juneau', 2,  'verified', '58.29974', '-134.406794',  '2015-03-01 00:00:00',  '2015-03-01 00:00:00'),
(309, 'Fritz Creek',  2,  'verified', '59.737659',  '-151.313736',  '2015-03-01 00:00:00',  '2015-03-01 00:00:00'),
(310, 'Kake', 2,  'verified', '56.974836',  '-133.941159',  '2015-03-01 00:00:00',  '2015-03-01 00:00:00'),
(311, 'Point Lay',  2,  'verified', '69.74359', '-163.017414',  '2015-03-01 00:00:00',  '2015-03-01 00:00:00'),
(312, 'Kaltag', 2,  'verified', '64.324829',  '-158.724623',  '2015-03-01 00:00:00',  '2015-03-01 00:00:00'),
(313, 'Kodiak', 2,  'verified', '57.795154',  '-152.394968',  '2015-03-01 00:00:00',  '2015-03-01 00:00:00'),
(314, 'Ketchikan',  2,  'verified', '55.34214', '-131.647854',  '2015-03-01 00:00:00',  '2015-03-01 00:00:00'),
(315, 'Kenai',  2,  'verified', '60.553082',  '-151.25972', '2015-03-01 00:00:00',  '2015-03-01 00:00:00'),
(316, 'Copper Center',  2,  'verified', '61.960788',  '-145.314866',  '2015-03-01 00:00:00',  '2015-03-01 00:00:00'),
(317, 'Kwethluk', 2,  'verified', '60.81011', '-161.426029',  '2015-03-01 00:00:00',  '2015-03-01 00:00:00'),
(318, 'Kiana',  2,  'verified', '66.969928',  '-160.428639',  '2015-03-01 00:00:00',  '2015-03-01 00:00:00'),
(319, 'King Cove',  2,  'verified', '55.060205',  '-162.303404',  '2015-03-01 00:00:00',  '2015-03-01 00:00:00'),
(320, 'Klawock',  2,  'verified', '55.550775',  '-133.085774',  '2015-03-01 00:00:00',  '2015-03-01 00:00:00'),
(321, 'Kokhanok', 2,  'verified', '59.438042',  '-154.773819',  '2015-03-01 00:00:00',  '2015-03-01 00:00:00'),
(322, 'Koliganek',  2,  'verified', '59.728901',  '-157.284775',  '2015-03-01 00:00:00',  '2015-03-01 00:00:00'),
(323, 'Kotlik', 2,  'verified', '63.032848',  '-163.553574',  '2015-03-01 00:00:00',  '2015-03-01 00:00:00'),
(324, 'Koyuk',  2,  'verified', '64.931115',  '-161.160364',  '2015-03-01 00:00:00',  '2015-03-01 00:00:00'),
(325, 'Quinhagak',  2,  'verified', '59.75114', '-161.907874',  '2015-03-01 00:00:00',  '2015-03-01 00:00:00'),
(326, 'Kwethiuk', 2,  'verified', '61.325384',  '-154.565033',  '2015-03-01 00:00:00',  '2015-03-01 00:00:00'),
(327, 'Kwigillingok', 2,  'verified', '59.907738',  '-163.026376',  '2015-03-01 00:00:00',  '2015-03-01 00:00:00'),
(328, 'King Salmon',  2,  'verified', '58.696018',  '-156.697534',  '2015-03-01 00:00:00',  '2015-03-01 00:00:00'),
(329, 'Larsen Bay', 2,  'verified', '57.53835', '-153.980504',  '2015-03-01 00:00:00',  '2015-03-01 00:00:00'),
(330, 'Nome', 2,  'verified', '64.499557',  '-165.404694',  '2015-03-01 00:00:00',  '2015-03-01 00:00:00'),
(331, 'Levelock', 2,  'verified', '59.112569',  '-156.855742',  '2015-03-01 00:00:00',  '2015-03-01 00:00:00'),
(332, 'Tuntutuliak',  2,  'verified', '60.343155',  '-162.663939',  '2015-03-01 00:00:00',  '2015-03-01 00:00:00'),
(333, 'Manokotak',  2,  'verified', '58.981724',  '-159.057723',  '2015-03-01 00:00:00',  '2015-03-01 00:00:00'),
(334, 'Marshall', 2,  'verified', '61.87953', '-162.087924',  '2015-03-01 00:00:00',  '2015-03-01 00:00:00'),
(335, 'Golovin',  2,  'verified', '64.543315',  '-163.032929',  '2015-03-01 00:00:00',  '2015-03-01 00:00:00'),
(336, 'Tanana', 2,  'verified', '65.17153', '-152.077714',  '2015-03-01 00:00:00',  '2015-03-01 00:00:00'),
(337, 'McGrath',  2,  'verified', '62.949119',  '-155.559872',  '2015-03-01 00:00:00',  '2015-03-01 00:00:00'),
(338, 'Eagle River',  2,  'verified', '61.3216',  '-149.567104',  '2015-03-01 00:00:00',  '2015-03-01 00:00:00'),
(339, 'Kivalina', 2,  'verified', '67.729752',  '-164.540078',  '2015-03-01 00:00:00',  '2015-03-01 00:00:00'),
(340, 'Atqasuk',  2,  'verified', '70.480961',  '-157.42228', '2015-03-01 00:00:00',  '2015-03-01 00:00:00'),
(341, 'Mentasta Lake',  2,  'verified', '62.932941',  '-143.774994',  '2015-03-01 00:00:00',  '2015-03-01 00:00:00'),
(342, 'Ruby', 2,  'verified', '64.738078',  '-155.489154',  '2015-03-01 00:00:00',  '2015-03-01 00:00:00'),
(343, 'Port Heiden',  2,  'verified', '56.94109', '-158.630189',  '2015-03-01 00:00:00',  '2015-03-01 00:00:00'),
(344, 'Metlakatla', 2,  'verified', '55.130505',  '-131.576544',  '2015-03-01 00:00:00',  '2015-03-01 00:00:00'),
(345, 'Lake Minchumina',  2,  'verified', '63.882545',  '-152.312834',  '2015-03-01 00:00:00',  '2015-03-01 00:00:00'),
(346, 'Minto',  2,  'verified', '65.198669',  '-149.529755',  '2015-03-01 00:00:00',  '2015-03-01 00:00:00'),
(347, 'Sitka',  2,  'verified', '57.052012',  '-135.33375', '2015-03-01 00:00:00',  '2015-03-01 00:00:00'),
(348, 'Nanwalek', 2,  'verified', '59.35096', '-151.915009',  '2015-03-01 00:00:00',  '2015-03-01 00:00:00'),
(349, 'Noatak', 2,  'verified', '67.571525',  '-162.965024',  '2015-03-01 00:00:00',  '2015-03-01 00:00:00'),
(350, 'Toksook Bay',  2,  'verified', '60.532985',  '-165.104244',  '2015-03-01 00:00:00',  '2015-03-01 00:00:00'),
(351, 'Nelson Lagoon',  2,  'verified', '56.000599',  '-161.203995',  '2015-03-01 00:00:00',  '2015-03-01 00:00:00'),
(352, 'Nenana', 2,  'verified', '64.558045',  '-149.099684',  '2015-03-01 00:00:00',  '2015-03-01 00:00:00'),
(353, 'Iliamna',  2,  'verified', '59.759823',  '-154.910817',  '2015-03-01 00:00:00',  '2015-03-01 00:00:00'),
(354, 'Nightmute',  2,  'verified', '60.477242',  '-164.721405',  '2015-03-01 00:00:00',  '2015-03-01 00:00:00'),
(355, 'Nikiski',  2,  'verified', '60.690101',  '-151.29162', '2015-03-01 00:00:00',  '2015-03-01 00:00:00'),
(356, 'Anchor Point', 2,  'verified', '59.775993',  '-151.831054',  '2015-03-01 00:00:00',  '2015-03-01 00:00:00'),
(357, 'Nikolski', 2,  'verified', '52.938925',  '-168.867804',  '2015-03-01 00:00:00',  '2015-03-01 00:00:00'),
(358, 'Ninilchik',  2,  'verified', '60.052399',  '-151.667892',  '2015-03-01 00:00:00',  '2015-03-01 00:00:00'),
(359, 'Nondalton',  2,  'verified', '59.97172', '-154.847014',  '2015-03-01 00:00:00',  '2015-03-01 00:00:00'),
(360, 'North Pole', 2,  'verified', '64.74878', '-147.352564',  '2015-03-01 00:00:00',  '2015-03-01 00:00:00'),
(361, 'Nuiqsut',  2,  'verified', '70.214111',  '-151.004135',  '2015-03-01 00:00:00',  '2015-03-01 00:00:00'),
(362, 'Anaktuvuk Pass', 2,  'verified', '68.14499', '-151.732539',  '2015-03-01 00:00:00',  '2015-03-01 00:00:00'),
(363, 'Mekoryuk', 2,  'verified', '60.39061', '-166.190502',  '2015-03-01 00:00:00',  '2015-03-01 00:00:00'),
(364, 'Old Harbor', 2,  'verified', '57.19862', '-153.305664',  '2015-03-01 00:00:00',  '2015-03-01 00:00:00'),
(365, 'Ouzinkie', 2,  'verified', '57.92245', '-152.504629',  '2015-03-01 00:00:00',  '2015-03-01 00:00:00'),
(366, 'Tununak',  2,  'verified', '60.583472',  '-165.25826', '2015-03-01 00:00:00',  '2015-03-01 00:00:00'),
(367, 'Pelican',  2,  'verified', '57.960309',  '-136.228677',  '2015-03-01 00:00:00',  '2015-03-01 00:00:00'),
(368, 'Perryville', 2,  'verified', '55.91217', '-159.154266',  '2015-03-01 00:00:00',  '2015-03-01 00:00:00'),
(369, 'Petersburg', 2,  'verified', '56.806492',  '-132.970917',  '2015-03-01 00:00:00',  '2015-03-01 00:00:00'),
(370, 'Pilot Point',  2,  'verified', '57.559143',  '-157.578927',  '2015-03-01 00:00:00',  '2015-03-01 00:00:00'),
(371, 'Port Alexander', 2,  'verified', '56.250488',  '-134.646484',  '2015-03-01 00:00:00',  '2015-03-01 00:00:00'),
(372, 'Port Graham',  2,  'verified', '59.349171',  '-151.82811', '2015-03-01 00:00:00',  '2015-03-01 00:00:00'),
(373, 'Port Lions', 2,  'verified', '57.86741', '-152.879924',  '2015-03-01 00:00:00',  '2015-03-01 00:00:00'),
(374, 'Oscarville', 2,  'verified', '60.72187', '-161.767715',  '2015-03-01 00:00:00',  '2015-03-01 00:00:00'),
(375, 'Goodnews Bay', 2,  'verified', '59.121792',  '-161.58783', '2015-03-01 00:00:00',  '2015-03-01 00:00:00'),
(376, 'Russian Mission',  2,  'verified', '61.785637',  '-161.32436', '2015-03-01 00:00:00',  '2015-03-01 00:00:00'),
(377, 'Scammon Bay',  2,  'verified', '61.84249', '-165.580219',  '2015-03-01 00:00:00',  '2015-03-01 00:00:00'),
(378, 'Seward', 2,  'verified', '60.11236', '-149.442924',  '2015-03-01 00:00:00',  '2015-03-01 00:00:00'),
(379, 'Shaktoolik', 2,  'verified', '64.35485', '-161.192754',  '2015-03-01 00:00:00',  '2015-03-01 00:00:00'),
(380, 'Sheldon Point',  2,  'verified', '62.582939',  '-164.792084',  '2015-03-01 00:00:00',  '2015-03-01 00:00:00'),
(381, 'Shishmaref', 2,  'verified', '66.2568',  '-166.066579',  '2015-03-01 00:00:00',  '2015-03-01 00:00:00'),
(382, 'Shungnak', 2,  'verified', '66.886245',  '-157.137784',  '2015-03-01 00:00:00',  '2015-03-01 00:00:00'),
(383, 'Skagway',  2,  'verified', '59.460305',  '-135.308489',  '2015-03-01 00:00:00',  '2015-03-01 00:00:00'),
(384, 'Soldotna', 2,  'verified', '60.50043', '-151.089744',  '2015-03-01 00:00:00',  '2015-03-01 00:00:00'),
(385, 'Slana',  2,  'verified', '62.68705', '-143.902832',  '2015-03-01 00:00:00',  '2015-03-01 00:00:00'),
(386, 'St. George', 2,  'verified', '56.60717', '-169.549744',  '2015-03-01 00:00:00',  '2015-03-01 00:00:00'),
(387, 'St. Paul', 2,  'verified', '44.943821',  '-93.093323', '2015-03-01 00:00:00',  '2015-03-01 00:00:00'),
(388, 'Stevens Village',  2,  'verified', '66.004375',  '-149.091434',  '2015-03-01 00:00:00',  '2015-03-01 00:00:00'),
(389, 'Seldovia', 2,  'verified', '59.43991', '-151.717114',  '2015-03-01 00:00:00',  '2015-03-01 00:00:00'),
(390, 'Takotna',  2,  'verified', '62.984482',  '-156.070206',  '2015-03-01 00:00:00',  '2015-03-01 00:00:00'),
(391, 'Port Alsworth',  2,  'verified', '60.39558', '-154.494465',  '2015-03-01 00:00:00',  '2015-03-01 00:00:00'),
(392, 'Tatitlek', 2,  'verified', '60.865162',  '-146.677887',  '2015-03-01 00:00:00',  '2015-03-01 00:00:00'),
(393, 'Tyonek', 2,  'verified', '61.067615',  '-151.137814',  '2015-03-01 00:00:00',  '2015-03-01 00:00:00'),
(394, 'Tenakee Springs',  2,  'verified', '57.777275',  '-135.207564',  '2015-03-01 00:00:00',  '2015-03-01 00:00:00'),
(395, 'Tetlin', 2,  'verified', '63.137798',  '-142.524002',  '2015-03-01 00:00:00',  '2015-03-01 00:00:00'),
(396, 'Thorne Bay', 2,  'verified', '55.683291',  '-132.528511',  '2015-03-01 00:00:00',  '2015-03-01 00:00:00'),
(397, 'Point Hope', 2,  'verified', '68.347542',  '-166.789825',  '2015-03-01 00:00:00',  '2015-03-01 00:00:00'),
(398, 'Togiak', 2,  'verified', '59.06034', '-160.377704',  '2015-03-01 00:00:00',  '2015-03-01 00:00:00'),
(399, 'Nikolai',  2,  'verified', '63.01227', '-154.381634',  '2015-03-01 00:00:00',  '2015-03-01 00:00:00'),
(400, 'Healy',  2,  'verified', '63.871579',  '-148.999466',  '2015-03-01 00:00:00',  '2015-03-01 00:00:00'),
(401, 'Chalkyitsik',  2,  'verified', '66.65429', '-143.722659',  '2015-03-01 00:00:00',  '2015-03-01 00:00:00'),
(402, 'Northway', 2,  'verified', '62.960018',  '-141.928909',  '2015-03-01 00:00:00',  '2015-03-01 00:00:00'),
(403, 'Wasilla',  2,  'verified', '61.582245',  '-149.445364',  '2015-03-01 00:00:00',  '2015-03-01 00:00:00'),
(404, 'White Mountain', 2,  'verified', '64.681065',  '-163.408449',  '2015-03-01 00:00:00',  '2015-03-01 00:00:00'),
(405, 'Whittier', 2,  'verified', '60.773185',  '-148.684694',  '2015-03-01 00:00:00',  '2015-03-01 00:00:00'),
(406, 'Napakiak', 2,  'verified', '60.694331',  '-161.967179',  '2015-03-01 00:00:00',  '2015-03-01 00:00:00'),
(407, 'Wiseman Village',  2,  'verified', '36.237911',  '-91.834602', '2015-03-01 00:00:00',  '2015-03-01 00:00:00'),
(408, 'Reid Street Wrangell', 2,  'verified', '56.47284', '-132.383029',  '2015-03-01 00:00:00',  '2015-03-01 00:00:00'),
(409, 'Atka', 2,  'verified', '52.194804',  '-174.197128',  '2015-03-01 00:00:00',  '2015-03-01 00:00:00'),
(410, 'Mesa', 3,  'verified', '33.417045',  '-111.831459',  '2015-03-01 00:00:00',  '2015-03-01 00:00:00'),
(411, 'Phoenix',  3,  'verified', '33.44826', '-112.075774',  '2015-03-01 00:00:00',  '2015-03-01 00:00:00'),
(412, 'Avondale', 3,  'verified', '33.4405',  '-112.349664',  '2015-03-01 00:00:00',  '2015-03-01 00:00:00'),
(413, 'Mohave Valley',  3,  'verified', '34.92384', '-114.597859',  '2015-03-01 00:00:00',  '2015-03-01 00:00:00'),
(414, 'Whiteriver', 3,  'verified', '33.834865',  '-109.964934',  '2015-03-01 00:00:00',  '2015-03-01 00:00:00'),
(415, 'Tucson', 3,  'verified', '32.221553',  '-110.969754',  '2015-03-01 00:00:00',  '2015-03-01 00:00:00'),
(416, 'Wellton',  3,  'verified', '32.672722',  '-114.147167',  '2015-03-01 00:00:00',  '2015-03-01 00:00:00'),
(417, 'Apache Junction',  3,  'verified', '33.42314', '-111.546119',  '2015-03-01 00:00:00',  '2015-03-01 00:00:00'),
(418, 'Glendale', 3,  'verified', '33.53858', '-112.186279',  '2015-03-01 00:00:00',  '2015-03-01 00:00:00'),
(419, 'Ash Fork', 3,  'verified', '35.2239',  '-112.481424',  '2015-03-01 00:00:00',  '2015-03-01 00:00:00'),
(420, 'Yuma', 3,  'verified', '32.68485', '-114.624614',  '2015-03-01 00:00:00',  '2015-03-01 00:00:00'),
(421, 'Sells',  3,  'verified', '31.916466',  '-111.889154',  '2015-03-01 00:00:00',  '2015-03-01 00:00:00'),
(422, 'Chandler', 3,  'verified', '33.303385',  '-111.840829',  '2015-03-01 00:00:00',  '2015-03-01 00:00:00'),
(423, 'Benson', 3,  'verified', '31.968784',  '-110.298684',  '2015-03-01 00:00:00',  '2015-03-01 00:00:00'),
(424, 'Bisbee', 3,  'verified', '31.441823',  '-109.914459',  '2015-03-01 00:00:00',  '2015-03-01 00:00:00'),
(425, 'Lakeside', 3,  'verified', '34.136219',  '-109.950882',  '2015-03-01 00:00:00',  '2015-03-01 00:00:00'),
(426, 'Bowie',  3,  'verified', '32.326695',  '-109.486909',  '2015-03-01 00:00:00',  '2015-03-01 00:00:00'),
(427, 'Prescott Valley',  3,  'verified', '34.585999',  '-112.322906',  '2015-03-01 00:00:00',  '2015-03-01 00:00:00'),
(428, 'Sierra Vista', 3,  'verified', '31.56945', '-110.274679',  '2015-03-01 00:00:00',  '2015-03-01 00:00:00'),
(429, 'Camp Verde', 3,  'verified', '34.562045',  '-111.853554',  '2015-03-01 00:00:00',  '2015-03-01 00:00:00'),
(430, 'Oro Valley', 3,  'verified', '32.40766', '-110.995691',  '2015-03-01 00:00:00',  '2015-03-01 00:00:00'),
(431, 'Prescott', 3,  'verified', '34.541425',  '-112.468729',  '2015-03-01 00:00:00',  '2015-03-01 00:00:00'),
(432, 'Cave Creek', 3,  'verified', '33.827594',  '-111.955097',  '2015-03-01 00:00:00',  '2015-03-01 00:00:00'),
(433, 'Casa Grande',  3,  'verified', '32.879545',  '-111.750324',  '2015-03-01 00:00:00',  '2015-03-01 00:00:00'),
(434, 'Peoria', 3,  'verified', '33.577314',  '-112.240909',  '2015-03-01 00:00:00',  '2015-03-01 00:00:00'),
(435, 'Laveen', 3,  'verified', '33.362955',  '-112.164819',  '2015-03-01 00:00:00',  '2015-03-01 00:00:00'),
(436, 'Scottsdale', 3,  'verified', '33.494', '-111.920694',  '2015-03-01 00:00:00',  '2015-03-01 00:00:00'),
(437, 'Chino Valley', 3,  'verified', '34.755345',  '-112.453985',  '2015-03-01 00:00:00',  '2015-03-01 00:00:00'),
(438, 'Vail', 3,  'verified', '32.047871',  '-110.71202', '2015-03-01 00:00:00',  '2015-03-01 00:00:00'),
(439, 'Flagstaff',  3,  'verified', '35.1982',  '-111.651304',  '2015-03-01 00:00:00',  '2015-03-01 00:00:00'),
(440, 'Tempe',  3,  'verified', '33.42551', '-111.937419',  '2015-03-01 00:00:00',  '2015-03-01 00:00:00'),
(441, 'Coolidge', 3,  'verified', '32.977625',  '-111.517029',  '2015-03-01 00:00:00',  '2015-03-01 00:00:00'),
(442, 'Goodyear', 3,  'verified', '33.436305',  '-112.358299',  '2015-03-01 00:00:00',  '2015-03-01 00:00:00'),
(443, 'Gilbert',  3,  'verified', '33.329042',  '-111.789767',  '2015-03-01 00:00:00',  '2015-03-01 00:00:00'),
(444, 'Winslow',  3,  'verified', '35.02426', '-110.696244',  '2015-03-01 00:00:00',  '2015-03-01 00:00:00'),
(445, 'Douglas',  3,  'verified', '31.344444',  '-109.552134',  '2015-03-01 00:00:00',  '2015-03-01 00:00:00'),
(446, 'El Mirage',  3,  'verified', '33.61528', '-112.322579',  '2015-03-01 00:00:00',  '2015-03-01 00:00:00'),
(447, 'Florence', 3,  'verified', '33.038815',  '-111.387544',  '2015-03-01 00:00:00',  '2015-03-01 00:00:00'),
(448, 'Fort Thomas',  3,  'verified', '33.037375',  '-109.966179',  '2015-03-01 00:00:00',  '2015-03-01 00:00:00'),
(449, 'Fredonia', 3,  'verified', '36.95202', '-112.526414',  '2015-03-01 00:00:00',  '2015-03-01 00:00:00'),
(450, 'Thatcher', 3,  'verified', '32.84915', '-109.760019',  '2015-03-01 00:00:00',  '2015-03-01 00:00:00'),
(451, 'Globe',  3,  'verified', '33.39576', '-110.789124',  '2015-03-01 00:00:00',  '2015-03-01 00:00:00'),
(452, 'Grand Canyon', 3,  'verified', '36.054885',  '-112.122099',  '2015-03-01 00:00:00',  '2015-03-01 00:00:00'),
(453, 'Tuba City',  3,  'verified', '36.125705',  '-111.236889',  '2015-03-01 00:00:00',  '2015-03-01 00:00:00'),
(454, 'Winkelman',  3,  'verified', '32.987755',  '-110.772749',  '2015-03-01 00:00:00',  '2015-03-01 00:00:00'),
(455, 'Keams Canyon', 3,  'verified', '35.812986',  '-110.201901',  '2015-03-01 00:00:00',  '2015-03-01 00:00:00'),
(456, 'Joseph City',  3,  'verified', '34.955995',  '-110.332159',  '2015-03-01 00:00:00',  '2015-03-01 00:00:00'),
(457, 'Kingman',  3,  'verified', '35.188825',  '-114.055434',  '2015-03-01 00:00:00',  '2015-03-01 00:00:00'),
(458, 'Lake Havasu City', 3,  'verified', '34.47398', '-114.345864',  '2015-03-01 00:00:00',  '2015-03-01 00:00:00'),
(459, 'Show Low', 3,  'verified', '34.250185',  '-110.043019',  '2015-03-01 00:00:00',  '2015-03-01 00:00:00'),
(460, 'Marana', 3,  'verified', '32.460571',  '-111.218109',  '2015-03-01 00:00:00',  '2015-03-01 00:00:00'),
(461, 'Mayer',  3,  'verified', '34.398443',  '-112.231009',  '2015-03-01 00:00:00',  '2015-03-01 00:00:00'),
(462, 'Miami',  3,  'verified', '33.398526',  '-110.87055', '2015-03-01 00:00:00',  '2015-03-01 00:00:00'),
(463, 'Cottonwood', 3,  'verified', '34.73996', '-112.009744',  '2015-03-01 00:00:00',  '2015-03-01 00:00:00'),
(464, 'Heber',  3,  'verified', '34.431133',  '-110.596555',  '2015-03-01 00:00:00',  '2015-03-01 00:00:00'),
(465, 'Bullhead City',  3,  'verified', '35.125704',  '-114.578445',  '2015-03-01 00:00:00',  '2015-03-01 00:00:00'),
(466, 'Kayenta',  3,  'verified', '36.724457',  '-110.25647', '2015-03-01 00:00:00',  '2015-03-01 00:00:00'),
(467, 'Sfford', 3,  'verified', '32.83437', '-109.708244',  '2015-03-01 00:00:00',  '2015-03-01 00:00:00'),
(468, 'Snowflake',  3,  'verified', '34.51266', '-110.078974',  '2015-03-01 00:00:00',  '2015-03-01 00:00:00'),
(469, 'Nogales',  3,  'verified', '31.337835',  '-110.940064',  '2015-03-01 00:00:00',  '2015-03-01 00:00:00'),
(470, 'Taylor', 3,  'verified', '34.468665',  '-110.091033',  '2015-03-01 00:00:00',  '2015-03-01 00:00:00'),
(471, 'Humboldt', 3,  'verified', '34.498769',  '-112.236017',  '2015-03-01 00:00:00',  '2015-03-01 00:00:00'),
(472, 'Page', 3,  'verified', '36.919837',  '-111.461758',  '2015-03-01 00:00:00',  '2015-03-01 00:00:00'),
(473, 'Parker', 3,  'verified', '34.149885',  '-114.288799',  '2015-03-01 00:00:00',  '2015-03-01 00:00:00'),
(474, 'Patagonia',  3,  'verified', '31.540795',  '-110.752124',  '2015-03-01 00:00:00',  '2015-03-01 00:00:00'),
(475, 'Rimrock',  3,  'verified', '34.648356',  '-111.785229',  '2015-03-01 00:00:00',  '2015-03-01 00:00:00'),
(476, 'Payson', 3,  'verified', '34.231321',  '-111.324678',  '2015-03-01 00:00:00',  '2015-03-01 00:00:00'),
(477, 'Pima', 3,  'verified', '32.89624', '-109.828284',  '2015-03-01 00:00:00',  '2015-03-01 00:00:00'),
(478, 'Pinon',  3,  'verified', '36.101375',  '-110.225622',  '2015-03-01 00:00:00',  '2015-03-01 00:00:00'),
(479, 'Queen Creek',  3,  'verified', '33.24467', '-111.634519',  '2015-03-01 00:00:00',  '2015-03-01 00:00:00'),
(480, 'Kearny', 3,  'verified', '33.05998', '-110.905189',  '2015-03-01 00:00:00',  '2015-03-01 00:00:00'),
(481, 'Teec Nos Pos', 3,  'verified', '36.923345',  '-109.091759',  '2015-03-01 00:00:00',  '2015-03-01 00:00:00'),
(482, 'Pinetop',  3,  'verified', '34.125809',  '-109.935471',  '2015-03-01 00:00:00',  '2015-03-01 00:00:00'),
(483, 'Springerville',  3,  'verified', '34.133475',  '-109.285324',  '2015-03-01 00:00:00',  '2015-03-01 00:00:00'),
(484, 'Rio Rico', 3,  'verified', '31.474939',  '-110.983141',  '2015-03-01 00:00:00',  '2015-03-01 00:00:00'),
(485, 'Eagar',  3,  'verified', '34.11095', '-109.292629',  '2015-03-01 00:00:00',  '2015-03-01 00:00:00'),
(486, 'Safford',  3,  'verified', '32.83437', '-109.708244',  '2015-03-01 00:00:00',  '2015-03-01 00:00:00'),
(487, 'Sahuarita',  3,  'verified', '31.95766', '-110.954729',  '2015-03-01 00:00:00',  '2015-03-01 00:00:00'),
(488, 'Salome', 3,  'verified', '33.78208', '-113.613189',  '2015-03-01 00:00:00',  '2015-03-01 00:00:00'),
(489, 'San Carlos', 3,  'verified', '33.351385',  '-110.452454',  '2015-03-01 00:00:00',  '2015-03-01 00:00:00'),
(490, 'San Manuel', 3,  'verified', '32.613585',  '-110.627653',  '2015-03-01 00:00:00',  '2015-03-01 00:00:00'),
(491, 'Sanders',  3,  'verified', '35.215199',  '-109.332733',  '2015-03-01 00:00:00',  '2015-03-01 00:00:00'),
(492, 'Eloy', 3,  'verified', '32.75242', '-111.555554',  '2015-03-01 00:00:00',  '2015-03-01 00:00:00'),
(493, 'Quartzsite', 3,  'verified', '33.6762',  '-114.217079',  '2015-03-01 00:00:00',  '2015-03-01 00:00:00'),
(494, 'Sedona', 3,  'verified', '34.865979',  '-111.763818',  '2015-03-01 00:00:00',  '2015-03-01 00:00:00'),
(495, 'Seligman', 3,  'verified', '35.326635',  '-112.874844',  '2015-03-01 00:00:00',  '2015-03-01 00:00:00'),
(496, 'Hereford', 3,  'verified', '31.439282',  '-110.100314',  '2015-03-01 00:00:00',  '2015-03-01 00:00:00'),
(497, 'St. David',  3,  'verified', '31.905265',  '-110.219589',  '2015-03-01 00:00:00',  '2015-03-01 00:00:00'),
(498, 'St. Johns',  3,  'verified', '34.506765',  '-109.365589',  '2015-03-01 00:00:00',  '2015-03-01 00:00:00'),
(499, 'Superior', 3,  'verified', '33.289096',  '-111.10052', '2015-03-01 00:00:00',  '2015-03-01 00:00:00'),
(500, 'WayTombstone', 3,  'verified', '34.167874',  '-111.930706',  '2015-03-01 00:00:00',  '2015-03-01 00:00:00'),
(501, 'Tonopah',  3,  'verified', '33.49246', '-112.936939',  '2015-03-01 00:00:00',  '2015-03-01 00:00:00'),
(502, 'Elfrida',  3,  'verified', '31.681654',  '-109.687205',  '2015-03-01 00:00:00',  '2015-03-01 00:00:00'),
(503, 'Showlow',  3,  'verified', '34.250185',  '-110.043019',  '2015-03-01 00:00:00',  '2015-03-01 00:00:00'),
(504, 'Willcox',  3,  'verified', '32.253135',  '-109.832069',  '2015-03-01 00:00:00',  '2015-03-01 00:00:00'),
(505, 'Williams', 3,  'verified', '35.25',  '-112.190754',  '2015-03-01 00:00:00',  '2015-03-01 00:00:00');

CREATE TABLE `rv_states` (
  `id` int(11) NOT NULL AUTO_INCREMENT,
  `name` varchar(25) DEFAULT NULL,
  `abbreviation` varchar(4) DEFAULT NULL,
  `datetime_added` datetime NOT NULL DEFAULT CURRENT_TIMESTAMP,
  `last_updated` datetime NOT NULL ON UPDATE CURRENT_TIMESTAMP,
  PRIMARY KEY (`id`),
  UNIQUE KEY `name` (`name`)
) ENGINE=InnoDB DEFAULT CHARSET=latin1;

INSERT INTO `rv_states` (`id`, `name`, `abbreviation`, `datetime_added`, `last_updated`) VALUES
(1, 'Alabama',  'AL', '2015-03-01 00:00:00',  '2015-03-01 00:00:00'),
(2, 'Alaska', 'AK', '2015-03-01 00:00:00',  '2015-03-01 00:00:00'),
(3, 'Arizona',  'AZ', '2015-03-01 00:00:00',  '2015-03-01 00:00:00'),
(4, 'Arkansas', 'AR', '2015-03-01 00:00:00',  '2015-03-01 00:00:00'),
(5, 'California', 'CA', '2015-03-01 00:00:00',  '2015-03-01 00:00:00'),
(6, 'Colorado', 'CO', '2015-03-01 00:00:00',  '2015-03-01 00:00:00'),
(7, 'Connecticut',  'CT', '2015-03-01 00:00:00',  '2015-03-01 00:00:00'),
(8, 'Delaware', 'DE', '2015-03-01 00:00:00',  '2015-03-01 00:00:00'),
(9, 'Florida',  'FL', '2015-03-01 00:00:00',  '2015-03-01 00:00:00'),
(10,  'Georgia',  'GA', '2015-03-01 00:00:00',  '2015-03-01 00:00:00'),
(11,  'Hawaii', 'HI', '2015-03-01 00:00:00',  '2015-03-01 00:00:00'),
(12,  'Idaho',  'ID', '2015-03-01 00:00:00',  '2015-03-01 00:00:00'),
(13,  'Illinois', 'IL', '2015-03-01 00:00:00',  '2015-03-01 00:00:00'),
(14,  'Indiana',  'IN', '2015-03-01 00:00:00',  '2015-03-01 00:00:00'),
(15,  'Iowa', 'IA', '2015-03-01 00:00:00',  '2015-03-01 00:00:00'),
(16,  'Kansas', 'KS', '2015-03-01 00:00:00',  '2015-03-01 00:00:00'),
(17,  'Kentucky', 'KY', '2015-03-01 00:00:00',  '2015-03-01 00:00:00'),
(18,  'Louisiana',  'LA', '2015-03-01 00:00:00',  '2015-03-01 00:00:00'),
(19,  'Maine',  'ME', '2015-03-01 00:00:00',  '2015-03-01 00:00:00'),
(20,  'Maryland', 'MD', '2015-03-01 00:00:00',  '2015-03-01 00:00:00'),
(21,  'Massachusetts',  'MA', '2015-03-01 00:00:00',  '2015-03-01 00:00:00'),
(22,  'Michigan', 'MI', '2015-03-01 00:00:00',  '2015-03-01 00:00:00'),
(23,  'Minnesota',  'MN', '2015-03-01 00:00:00',  '2015-03-01 00:00:00'),
(24,  'Mississippi',  'MS', '2015-03-01 00:00:00',  '2015-03-01 00:00:00'),
(25,  'Missouri', 'MO', '2015-03-01 00:00:00',  '2015-03-01 00:00:00'),
(26,  'Montana',  'MT', '2015-03-01 00:00:00',  '2015-03-01 00:00:00'),
(27,  'Nebraska', 'NE', '2015-03-01 00:00:00',  '2015-03-01 00:00:00'),
(28,  'Nevada', 'NV', '2015-03-01 00:00:00',  '2015-03-01 00:00:00'),
(29,  'New Hampshire',  'NH', '2015-03-01 00:00:00',  '2015-03-01 00:00:00'),
(30,  'New Jersey', 'NJ', '2015-03-01 00:00:00',  '2015-03-01 00:00:00'),
(31,  'New Mexico', 'NM', '2015-03-01 00:00:00',  '2015-03-01 00:00:00'),
(32,  'New York', 'NY', '2015-03-01 00:00:00',  '2015-03-01 00:00:00'),
(33,  'North Carolina', 'NC', '2015-03-01 00:00:00',  '2015-03-01 00:00:00'),
(34,  'North Dakota', 'ND', '2015-03-01 00:00:00',  '2015-03-01 00:00:00'),
(35,  'Ohio', 'OH', '2015-03-01 00:00:00',  '2015-03-01 00:00:00'),
(36,  'Oklahoma', 'OK', '2015-03-01 00:00:00',  '2015-03-01 00:00:00'),
(37,  'Oregon', 'OR', '2015-03-01 00:00:00',  '2015-03-01 00:00:00'),
(38,  'Pennsylvania', 'PA', '2015-03-01 00:00:00',  '2015-03-01 00:00:00'),
(39,  'Rhode Island', 'RI', '2015-03-01 00:00:00',  '2015-03-01 00:00:00'),
(40,  'South Carolina', 'SC', '2015-03-01 00:00:00',  '2015-03-01 00:00:00'),
(41,  'South Dakota', 'SD', '2015-03-01 00:00:00',  '2015-03-01 00:00:00'),
(42,  'Tennessee',  'TN', '2015-03-01 00:00:00',  '2015-03-01 00:00:00'),
(43,  'Texas',  'TX', '2015-03-01 00:00:00',  '2015-03-01 00:00:00'),
(44,  'Utah', 'UT', '2015-03-01 00:00:00',  '2015-03-01 00:00:00'),
(45,  'Vermont',  'VT', '2015-03-01 00:00:00',  '2015-03-01 00:00:00'),
(46,  'Virginia', 'VA', '2015-03-01 00:00:00',  '2015-03-01 00:00:00'),
(47,  'Washington', 'WA', '2015-03-01 00:00:00',  '2015-03-01 00:00:00'),
(48,  'West Virginia',  'WV', '2015-03-01 00:00:00',  '2015-03-01 00:00:00'),
(49,  'Wisconsin',  'WI', '2015-03-01 00:00:00',  '2015-03-01 00:00:00'),
(50,  'Wyoming',  'WY', '2015-03-01 00:00:00',  '2015-03-01 00:00:00'),
(51,  'Washington DC',  'DC', '2015-03-01 00:00:00',  '2015-03-01 00:00:00');

CREATE TABLE `rv_users` (
  `id` int(11) NOT NULL AUTO_INCREMENT,
  `first_name` varchar(50) NOT NULL,
  `last_name` varchar(50) NOT NULL,
  `datetime_added` datetime NOT NULL DEFAULT CURRENT_TIMESTAMP,
  `last_updated` datetime NOT NULL ON UPDATE CURRENT_TIMESTAMP,
  PRIMARY KEY (`id`)
) ENGINE=InnoDB DEFAULT CHARSET=latin1;

INSERT INTO `rv_users` (`id`, `first_name`, `last_name`, `datetime_added`, `last_updated`) VALUES
(1, 'Henry',  'Harrison', '2015-03-01 00:00:00',  '2015-03-01 00:00:00'),
(2, 'John', 'Smith',  '2015-03-01 00:00:00',  '2015-03-01 00:00:00'),
(3, 'Jim',  'Smith',  '2015-03-01 00:00:00',  '2015-03-01 00:00:00'),
(4, 'Jose', 'Gonzales', '2015-03-01 00:00:00',  '2015-03-01 00:00:00'),
(5, 'Andrew', 'Watson', '2015-03-01 00:00:00',  '2015-03-01 00:00:00'),
(6, 'Bill', 'Brown',  '2015-03-01 00:00:00',  '2015-03-01 00:00:00'),
(7, 'Michael',  'Jackson',  '2015-03-01 00:00:00',  '2015-03-01 00:00:00'),
(8, 'Eliscia',  'Smith',  '2015-03-01 00:00:00',  '2015-03-01 00:00:00'),
(9, 'Chris',  'Jones',  '2015-03-01 00:00:00',  '2015-03-01 00:00:00');

CREATE TABLE `rv_visits` (
  `id` int(11) NOT NULL AUTO_INCREMENT,
  `city_id` int(11) NOT NULL,
  `user_id` int(11) NOT NULL,
  `datetime_added` datetime NOT NULL DEFAULT CURRENT_TIMESTAMP,
  PRIMARY KEY (`id`),
  KEY `city_id` (`city_id`),
  KEY `user_id` (`user_id`),
  CONSTRAINT `rv_visits_ibfk_1` FOREIGN KEY (`city_id`) REFERENCES `rv_cities` (`id`),
  CONSTRAINT `rv_visits_ibfk_2` FOREIGN KEY (`user_id`) REFERENCES `rv_users` (`id`)
) ENGINE=InnoDB DEFAULT CHARSET=latin1;

INSERT INTO `rv_visits` (`id`, `city_id`, `user_id`, `datetime_added`) VALUES
(6, 459,  1,  '2017-08-01 03:04:07');

-- 2017-08-01 05:35:15